{
  "mesh_a": "NewBlend_IntroduceGGXFresnelSeparationComplete_iter15000",
  "mesh_b": "blender_GTMeshAligned",
  "threshold": 0.02,
  "semantics": "pred_gt",
  "mean_a_to_b": 5.090797652537349,
  "mean_b_to_a": 0.10619356129210719,
  "median_a_to_b": 5.012923842885938,
  "median_b_to_a": 0.07005825363502882,
  "max_a_to_b": 13.74668481912019,
  "max_b_to_a": 0.8240290682561078,
  "chamfer": 5.196991213829456,
  "hausdorff": 13.74668481912019,
  "precision": 0.01256,
  "recall": 0.02623,
  "fscore": 0.01698627481309616,
  "pred_to_gt_mean": 5.090797652537349,
  "gt_to_pred_mean": 0.10619356129210719,
  "gt_to_pred_median": 0.07005825363502882,
  "gt_to_pred_max": 0.8240290682561078,
  "mesh_path_a": "output\\NewBlend_IntroduceGGXFresnelSeparationComplete\\train\\ours_15000\\fuse_post.ply",
  "mesh_path_b": "C:\\Users\\cwart\\OneDrive\\Desktop\\2DGS\\BlenderGTMesh_aligned.ply",
  "sample_points": 100000,
  "sampling_method": "uniform",
  "aligned_with_icp": false,
  "used_global_registration": false,
  "global_registration_fitness": "",
  "global_registration_inlier_rmse": "",
  "global_registration_voxel_size": "",
  "roi_pred_to_gt_mean": 0.9147105043756469,
  "roi_pred_to_gt_median": 0.6890660602206697,
  "roi_pred_to_gt_max": 3.9240088555513295,
  "roi_precision": 0.06593175853018372,
  "roi_num_pred_points": 19050,
  "scene": "NewBlend_IntroduceGGXFresnelSeparationComplete_iter15000",
  "aligned_mesh_path": ""
}