{
  "mesh_a": "NewBlend_FalloffOff_iter15000",
  "mesh_b": "blender_GTMeshAligned",
  "threshold": 0.02,
  "semantics": "pred_gt",
  "mean_a_to_b": 5.23385114774299,
  "mean_b_to_a": 0.10459127498719556,
  "median_a_to_b": 5.034378679651333,
  "median_b_to_a": 0.07364471745850346,
  "max_a_to_b": 14.039196134326767,
  "max_b_to_a": 0.8421534849430211,
  "chamfer": 5.338442422730186,
  "hausdorff": 14.039196134326767,
  "precision": 0.01226,
  "recall": 0.02559,
  "fscore": 0.01657772258916777,
  "pred_to_gt_mean": 5.23385114774299,
  "gt_to_pred_mean": 0.10459127498719556,
  "gt_to_pred_median": 0.07364471745850346,
  "gt_to_pred_max": 0.8421534849430211,
  "mesh_path_a": "output\\NewBlend_FalloffOff\\train\\ours_15000\\fuse_post.ply",
  "mesh_path_b": "C:\\Users\\cwart\\OneDrive\\Desktop\\2DGS\\BlenderGTMesh_aligned.ply",
  "sample_points": 100000,
  "sampling_method": "uniform",
  "aligned_with_icp": false,
  "used_global_registration": false,
  "global_registration_fitness": "",
  "global_registration_inlier_rmse": "",
  "global_registration_voxel_size": "",
  "roi_pred_to_gt_mean": 0.8925968372376474,
  "roi_pred_to_gt_median": 0.6491788937110744,
  "roi_pred_to_gt_max": 3.8499653948411345,
  "roi_precision": 0.06559306618158472,
  "roi_num_pred_points": 18691,
  "scene": "NewBlend_FalloffOff_iter15000",
  "aligned_mesh_path": ""
}