{
  "mesh_a": "NewBlend_FullBRDFOnlyCenterCam_iter15000",
  "mesh_b": "blender_GTMeshAligned",
  "threshold": 0.02,
  "semantics": "pred_gt",
  "mean_a_to_b": 5.476286648439151,
  "mean_b_to_a": 0.10550331790319753,
  "median_a_to_b": 5.556489287182719,
  "median_b_to_a": 0.0722419616084726,
  "max_a_to_b": 13.710429908993731,
  "max_b_to_a": 0.8448508373980557,
  "chamfer": 5.581789966342349,
  "hausdorff": 13.710429908993731,
  "precision": 0.01208,
  "recall": 0.02529,
  "fscore": 0.01635018464008563,
  "pred_to_gt_mean": 5.476286648439151,
  "gt_to_pred_mean": 0.10550331790319753,
  "gt_to_pred_median": 0.0722419616084726,
  "gt_to_pred_max": 0.8448508373980557,
  "mesh_path_a": "output\\NewBlend_FullBRDFOnlyCenterCam\\train\\ours_15000\\fuse_post.ply",
  "mesh_path_b": "C:\\Users\\cwart\\OneDrive\\Desktop\\2DGS\\BlenderGTMesh_aligned.ply",
  "sample_points": 100000,
  "sampling_method": "uniform",
  "aligned_with_icp": false,
  "used_global_registration": false,
  "global_registration_fitness": "",
  "global_registration_inlier_rmse": "",
  "global_registration_voxel_size": "",
  "roi_pred_to_gt_mean": 0.8897725395799716,
  "roi_pred_to_gt_median": 0.6539008703719665,
  "roi_pred_to_gt_max": 3.9275728015455194,
  "roi_precision": 0.06691408630144574,
  "roi_num_pred_points": 18053,
  "scene": "NewBlend_FullBRDFOnlyCenterCam_iter15000",
  "aligned_mesh_path": ""
}