{
  "mesh_a": "NewBlend_BRDFFull-Highdetail_iter15000",
  "mesh_b": "blender_GTMeshAligned",
  "threshold": 0.02,
  "semantics": "pred_gt",
  "mean_a_to_b": 5.1840185725678065,
  "mean_b_to_a": 0.10267215941232666,
  "median_a_to_b": 5.22858725716353,
  "median_b_to_a": 0.07279360762860508,
  "max_a_to_b": 13.729883769956372,
  "max_b_to_a": 0.8178425974027503,
  "chamfer": 5.2866907319801335,
  "hausdorff": 13.729883769956372,
  "precision": 0.01189,
  "recall": 0.02395,
  "fscore": 0.01589093191964286,
  "pred_to_gt_mean": 5.1840185725678065,
  "gt_to_pred_mean": 0.10267215941232666,
  "gt_to_pred_median": 0.07279360762860508,
  "gt_to_pred_max": 0.8178425974027503,
  "mesh_path_a": "output\\NewBlend_BRDFFull-Highdetail\\train\\ours_15000\\fuse_post.ply",
  "mesh_path_b": "C:\\Users\\cwart\\OneDrive\\Desktop\\2DGS\\BlenderGTMesh_aligned.ply",
  "sample_points": 100000,
  "sampling_method": "uniform",
  "aligned_with_icp": false,
  "used_global_registration": false,
  "global_registration_fitness": "",
  "global_registration_inlier_rmse": "",
  "global_registration_voxel_size": "",
  "roi_pred_to_gt_mean": 0.872262483717525,
  "roi_pred_to_gt_median": 0.6290937688038666,
  "roi_pred_to_gt_max": 3.9713409644956164,
  "roi_precision": 0.06800892295372647,
  "roi_num_pred_points": 17483,
  "scene": "NewBlend_BRDFFull-Highdetail_iter15000",
  "aligned_mesh_path": ""
}