{
  "mesh_a": "NewBlend_IntroduceGGXFresnelBackwardComplete_iter15000",
  "mesh_b": "blender_GTMeshAligned",
  "threshold": 0.02,
  "semantics": "pred_gt",
  "mean_a_to_b": 5.484495493926544,
  "mean_b_to_a": 0.1104830884844376,
  "median_a_to_b": 5.720718043966867,
  "median_b_to_a": 0.07542042411702214,
  "max_a_to_b": 14.832964623434432,
  "max_b_to_a": 0.8419616932487931,
  "chamfer": 5.594978582410982,
  "hausdorff": 14.832964623434432,
  "precision": 0.0112,
  "recall": 0.02351,
  "fscore": 0.015172111783347738,
  "pred_to_gt_mean": 5.484495493926544,
  "gt_to_pred_mean": 0.1104830884844376,
  "gt_to_pred_median": 0.07542042411702214,
  "gt_to_pred_max": 0.8419616932487931,
  "mesh_path_a": "output\\NewBlend_IntroduceGGXFresnelBackwardComplete\\train\\ours_15000\\fuse_post.ply",
  "mesh_path_b": "C:\\Users\\cwart\\OneDrive\\Desktop\\2DGS\\BlenderGTMesh_aligned.ply",
  "sample_points": 100000,
  "sampling_method": "uniform",
  "aligned_with_icp": false,
  "used_global_registration": false,
  "global_registration_fitness": "",
  "global_registration_inlier_rmse": "",
  "global_registration_voxel_size": "",
  "roi_pred_to_gt_mean": 0.8646634236715729,
  "roi_pred_to_gt_median": 0.6074579981156748,
  "roi_pred_to_gt_max": 3.954663558852198,
  "roi_precision": 0.06488615955043162,
  "roi_num_pred_points": 17261,
  "scene": "NewBlend_IntroduceGGXFresnelBackwardComplete_iter15000",
  "aligned_mesh_path": ""
}