{
  "mesh_a": "NewBlendTest_WithVersionRemovedConfidenceOnly_iter15000",
  "mesh_b": "blender_GTMeshAligned",
  "threshold": 0.02,
  "semantics": "pred_gt",
  "mean_a_to_b": 4.960839989175449,
  "mean_b_to_a": 0.10950828650327508,
  "median_a_to_b": 5.066912527542341,
  "median_b_to_a": 0.072244155721814,
  "max_a_to_b": 13.774597832477179,
  "max_b_to_a": 0.8091363208352692,
  "chamfer": 5.070348275678724,
  "hausdorff": 13.774597832477179,
  "precision": 0.01134,
  "recall": 0.02295,
  "fscore": 0.015179527559055118,
  "pred_to_gt_mean": 4.960839989175449,
  "gt_to_pred_mean": 0.10950828650327508,
  "gt_to_pred_median": 0.072244155721814,
  "gt_to_pred_max": 0.8091363208352692,
  "mesh_path_a": "output\\NewBlendTest_WithVersionRemovedConfidenceOnly\\train\\ours_15000\\fuse_post.ply",
  "mesh_path_b": "C:\\Users\\cwart\\OneDrive\\Desktop\\2DGS\\BlenderGTMesh_aligned.ply",
  "sample_points": 100000,
  "sampling_method": "uniform",
  "aligned_with_icp": false,
  "used_global_registration": false,
  "global_registration_fitness": "",
  "global_registration_inlier_rmse": "",
  "global_registration_voxel_size": "",
  "roi_pred_to_gt_mean": 0.8924310129906958,
  "roi_pred_to_gt_median": 0.6902702225518158,
  "roi_pred_to_gt_max": 3.9204273480257648,
  "roi_precision": 0.05888461937895939,
  "roi_num_pred_points": 19258,
  "scene": "NewBlendTest_WithVersionRemovedConfidenceOnly_iter15000",
  "aligned_mesh_path": ""
}