{
  "mesh_a": "NewBlend_BRDFTrialBackRoughnessAddMetallic0.4_iter15000",
  "mesh_b": "blender_GTMeshAligned",
  "threshold": 0.02,
  "semantics": "pred_gt",
  "mean_a_to_b": 4.1881503215490605,
  "mean_b_to_a": 0.11960406814377143,
  "median_a_to_b": 2.972387930787023,
  "median_b_to_a": 0.0968728216919832,
  "max_a_to_b": 15.532748821601876,
  "max_b_to_a": 0.46754064997430106,
  "chamfer": 4.307754389692832,
  "hausdorff": 15.532748821601876,
  "precision": 0.0119,
  "recall": 0.02261,
  "fscore": 0.015593103448275865,
  "pred_to_gt_mean": 4.1881503215490605,
  "gt_to_pred_mean": 0.11960406814377143,
  "gt_to_pred_median": 0.0968728216919832,
  "gt_to_pred_max": 0.46754064997430106,
  "mesh_path_a": "output\\NewBlend_BRDFTrialBackRoughnessAddMetallic0.4\\train\\ours_15000\\fuse_post.ply",
  "mesh_path_b": "C:\\Users\\cwart\\OneDrive\\Desktop\\2DGS\\BlenderGTMesh_aligned.ply",
  "sample_points": 100000,
  "sampling_method": "uniform",
  "aligned_with_icp": false,
  "used_global_registration": false,
  "global_registration_fitness": "",
  "global_registration_inlier_rmse": "",
  "global_registration_voxel_size": "",
  "roi_pred_to_gt_mean": 0.8810062209258515,
  "roi_pred_to_gt_median": 0.5591255035745823,
  "roi_pred_to_gt_max": 3.951596277089517,
  "roi_precision": 0.03203316374599585,
  "roi_num_pred_points": 37149,
  "scene": "NewBlend_BRDFTrialBackRoughnessAddMetallic0.4_iter15000",
  "aligned_mesh_path": ""
}