{
  "mesh_a": "NewBlend_BRDFTrialBitMoreRoughnes0.1_iter15000",
  "mesh_b": "blender_GTMeshAligned",
  "threshold": 0.02,
  "semantics": "pred_gt",
  "mean_a_to_b": 5.562266365261792,
  "mean_b_to_a": 0.11055595652324199,
  "median_a_to_b": 5.647837844393052,
  "median_b_to_a": 0.07349283081235142,
  "max_a_to_b": 14.042405135944716,
  "max_b_to_a": 0.8530571555979337,
  "chamfer": 5.672822321785033,
  "hausdorff": 14.042405135944716,
  "precision": 0.00909,
  "recall": 0.01832,
  "fscore": 0.012150952207223642,
  "pred_to_gt_mean": 5.562266365261792,
  "gt_to_pred_mean": 0.11055595652324199,
  "gt_to_pred_median": 0.07349283081235142,
  "gt_to_pred_max": 0.8530571555979337,
  "mesh_path_a": "output\\NewBlend_BRDFTrialBitMoreRoughnes0.1\\train\\ours_15000\\fuse_post.ply",
  "mesh_path_b": "C:\\Users\\cwart\\OneDrive\\Desktop\\2DGS\\BlenderGTMesh_aligned.ply",
  "sample_points": 100000,
  "sampling_method": "uniform",
  "aligned_with_icp": false,
  "used_global_registration": false,
  "global_registration_fitness": "",
  "global_registration_inlier_rmse": "",
  "global_registration_voxel_size": "",
  "roi_pred_to_gt_mean": 0.9258799861512877,
  "roi_pred_to_gt_median": 0.7139407497948229,
  "roi_pred_to_gt_max": 3.9600180668491443,
  "roi_precision": 0.05089870653452041,
  "roi_num_pred_points": 17859,
  "scene": "NewBlend_BRDFTrialBitMoreRoughnes0.1_iter15000",
  "aligned_mesh_path": ""
}