{
  "mesh_a": "NewBlend_BRDFTrialBackRoughnessAddMetallic0.1_iter15000",
  "mesh_b": "blender_GTMeshAligned",
  "threshold": 0.02,
  "semantics": "pred_gt",
  "mean_a_to_b": 5.782904717330143,
  "mean_b_to_a": 0.09553236778680334,
  "median_a_to_b": 5.973223730187486,
  "median_b_to_a": 0.0662028884421275,
  "max_a_to_b": 16.644055434575996,
  "max_b_to_a": 0.8540454204136796,
  "chamfer": 5.878437085116946,
  "hausdorff": 16.644055434575996,
  "precision": 0.01353,
  "recall": 0.02763,
  "fscore": 0.01816491253644315,
  "pred_to_gt_mean": 5.782904717330143,
  "gt_to_pred_mean": 0.09553236778680334,
  "gt_to_pred_median": 0.0662028884421275,
  "gt_to_pred_max": 0.8540454204136796,
  "mesh_path_a": "output\\NewBlend_BRDFTrialBackRoughnessAddMetallic0.1\\train\\ours_15000\\fuse_post.ply",
  "mesh_path_b": "C:\\Users\\cwart\\OneDrive\\Desktop\\2DGS\\BlenderGTMesh_aligned.ply",
  "sample_points": 100000,
  "sampling_method": "uniform",
  "aligned_with_icp": false,
  "used_global_registration": false,
  "global_registration_fitness": "",
  "global_registration_inlier_rmse": "",
  "global_registration_voxel_size": "",
  "roi_pred_to_gt_mean": 0.8725635506846948,
  "roi_pred_to_gt_median": 0.6165217568951343,
  "roi_pred_to_gt_max": 3.8781988358587793,
  "roi_precision": 0.07899346099953293,
  "roi_num_pred_points": 17128,
  "scene": "NewBlend_BRDFTrialBackRoughnessAddMetallic0.1_iter15000",
  "aligned_mesh_path": ""
}