{
  "mesh_a": "NewBlend_ImproveLossLastV3Finished_iter15000",
  "mesh_b": "blender_GTMeshAligned",
  "threshold": 0.02,
  "semantics": "pred_gt",
  "mean_a_to_b": 4.112570356979726,
  "mean_b_to_a": 0.10861331552236837,
  "median_a_to_b": 3.6541592943279317,
  "median_b_to_a": 0.08003905518578364,
  "max_a_to_b": 13.26568700773669,
  "max_b_to_a": 0.6794184205071618,
  "chamfer": 4.221183672502094,
  "hausdorff": 13.26568700773669,
  "precision": 0.01134,
  "recall": 0.02329,
  "fscore": 0.015253167773606701,
  "pred_to_gt_mean": 4.112570356979726,
  "gt_to_pred_mean": 0.10861331552236837,
  "gt_to_pred_median": 0.08003905518578364,
  "gt_to_pred_max": 0.6794184205071618,
  "mesh_path_a": "output\\NewBlend_ImproveLossLastV3Finished\\train\\ours_15000\\fuse_post.ply",
  "mesh_path_b": "C:\\Users\\cwart\\OneDrive\\Desktop\\2DGS\\BlenderGTMesh_aligned.ply",
  "sample_points": 100000,
  "sampling_method": "uniform",
  "aligned_with_icp": false,
  "used_global_registration": false,
  "global_registration_fitness": "",
  "global_registration_inlier_rmse": "",
  "global_registration_voxel_size": "",
  "roi_pred_to_gt_mean": 0.9375740332991482,
  "roi_pred_to_gt_median": 0.6951735852831309,
  "roi_pred_to_gt_max": 3.9368128706854253,
  "roi_precision": 0.04383794649760322,
  "roi_num_pred_points": 25868,
  "scene": "NewBlend_ImproveLossLastV3Finished_iter15000",
  "aligned_mesh_path": ""
}