{
  "mesh_a": "NewBlend_BRDFFull_iter15000",
  "mesh_b": "blender_GTMeshAligned",
  "threshold": 0.02,
  "semantics": "pred_gt",
  "mean_a_to_b": 5.211420514092579,
  "mean_b_to_a": 0.10357222966442613,
  "median_a_to_b": 5.2907770689501605,
  "median_b_to_a": 0.07394166968730112,
  "max_a_to_b": 13.750736970990957,
  "max_b_to_a": 0.817617672065921,
  "chamfer": 5.314992743757005,
  "hausdorff": 13.750736970990957,
  "precision": 0.01201,
  "recall": 0.02479,
  "fscore": 0.016180864130434784,
  "pred_to_gt_mean": 5.211420514092579,
  "gt_to_pred_mean": 0.10357222966442613,
  "gt_to_pred_median": 0.07394166968730112,
  "gt_to_pred_max": 0.817617672065921,
  "mesh_path_a": "output\\NewBlend_BRDFFull\\train\\ours_15000\\fuse_post.ply",
  "mesh_path_b": "C:\\Users\\cwart\\OneDrive\\Desktop\\2DGS\\BlenderGTMesh_aligned.ply",
  "sample_points": 100000,
  "sampling_method": "uniform",
  "aligned_with_icp": false,
  "used_global_registration": false,
  "global_registration_fitness": "",
  "global_registration_inlier_rmse": "",
  "global_registration_voxel_size": "",
  "roi_pred_to_gt_mean": 0.8857981994685039,
  "roi_pred_to_gt_median": 0.6330713528297551,
  "roi_pred_to_gt_max": 3.926231355625981,
  "roi_precision": 0.07008636788048553,
  "roi_num_pred_points": 17136,
  "scene": "NewBlend_BRDFFull_iter15000",
  "aligned_mesh_path": ""
}