{
  "mesh_a": "NewBlendTest_Standard2DGS_iter15000",
  "mesh_b": "blender_GTMeshAligned",
  "threshold": 0.02,
  "semantics": "pred_gt",
  "mean_a_to_b": 4.8158791139671235,
  "mean_b_to_a": 0.12163201404712902,
  "median_a_to_b": 5.034029244024117,
  "median_b_to_a": 0.07356288620049714,
  "max_a_to_b": 12.838768806663335,
  "max_b_to_a": 0.7872831635310158,
  "chamfer": 4.937511128014252,
  "hausdorff": 12.838768806663335,
  "precision": 0.01018,
  "recall": 0.02037,
  "fscore": 0.013575554828150573,
  "pred_to_gt_mean": 4.8158791139671235,
  "gt_to_pred_mean": 0.12163201404712902,
  "gt_to_pred_median": 0.07356288620049714,
  "gt_to_pred_max": 0.7872831635310158,
  "mesh_path_a": "output\\NewBlendTest_Standard2DGS\\train\\ours_15000\\fuse_post.ply",
  "mesh_path_b": "C:\\Users\\cwart\\OneDrive\\Desktop\\2DGS\\BlenderGTMesh_aligned.ply",
  "sample_points": 100000,
  "sampling_method": "uniform",
  "aligned_with_icp": false,
  "used_global_registration": false,
  "global_registration_fitness": "",
  "global_registration_inlier_rmse": "",
  "global_registration_voxel_size": "",
  "roi_pred_to_gt_mean": 0.8918525786139636,
  "roi_pred_to_gt_median": 0.6333739457885837,
  "roi_pred_to_gt_max": 3.8771556458534353,
  "roi_precision": 0.05681754758051013,
  "roi_num_pred_points": 17917,
  "scene": "NewBlendTest_Standard2DGS_iter15000",
  "aligned_mesh_path": ""
}