{
  "mesh_a": "NewBlend_ImproveLossV2_iter15000",
  "mesh_b": "blender_GTMeshAligned",
  "threshold": 0.02,
  "semantics": "pred_gt",
  "mean_a_to_b": 5.51255330761106,
  "mean_b_to_a": 0.11195680707046815,
  "median_a_to_b": 5.740055313199592,
  "median_b_to_a": 0.07760945121853458,
  "max_a_to_b": 13.510620551574188,
  "max_b_to_a": 0.8739042514404188,
  "chamfer": 5.624510114681528,
  "hausdorff": 13.510620551574188,
  "precision": 0.00857,
  "recall": 0.01757,
  "fscore": 0.011520650344299924,
  "pred_to_gt_mean": 5.51255330761106,
  "gt_to_pred_mean": 0.11195680707046815,
  "gt_to_pred_median": 0.07760945121853458,
  "gt_to_pred_max": 0.8739042514404188,
  "mesh_path_a": "output\\NewBlend_ImproveLossV2\\train\\ours_15000\\fuse_post.ply",
  "mesh_path_b": "C:\\Users\\cwart\\OneDrive\\Desktop\\2DGS\\BlenderGTMesh_aligned.ply",
  "sample_points": 100000,
  "sampling_method": "uniform",
  "aligned_with_icp": false,
  "used_global_registration": false,
  "global_registration_fitness": "",
  "global_registration_inlier_rmse": "",
  "global_registration_voxel_size": "",
  "roi_pred_to_gt_mean": 0.8807006998419413,
  "roi_pred_to_gt_median": 0.6316877784167738,
  "roi_pred_to_gt_max": 3.997358827462959,
  "roi_precision": 0.05651915847787377,
  "roi_num_pred_points": 15163,
  "scene": "NewBlend_ImproveLossV2_iter15000",
  "aligned_mesh_path": ""
}