{
  "mesh_a": "NewBlend_IntroduceGGXFresnel_iter15000",
  "mesh_b": "blender_GTMeshAligned",
  "threshold": 0.02,
  "semantics": "pred_gt",
  "mean_a_to_b": 5.4957735829196315,
  "mean_b_to_a": 0.1023380976273972,
  "median_a_to_b": 5.623521070025542,
  "median_b_to_a": 0.07385521372199039,
  "max_a_to_b": 13.744909301260313,
  "max_b_to_a": 0.7937228982569232,
  "chamfer": 5.598111680547029,
  "hausdorff": 13.744909301260313,
  "precision": 0.01043,
  "recall": 0.02143,
  "fscore": 0.01403106716886378,
  "pred_to_gt_mean": 5.4957735829196315,
  "gt_to_pred_mean": 0.1023380976273972,
  "gt_to_pred_median": 0.07385521372199039,
  "gt_to_pred_max": 0.7937228982569232,
  "mesh_path_a": "output\\NewBlend_IntroduceGGXFresnel\\train\\ours_15000\\fuse_post.ply",
  "mesh_path_b": "C:\\Users\\cwart\\OneDrive\\Desktop\\2DGS\\BlenderGTMesh_aligned.ply",
  "sample_points": 100000,
  "sampling_method": "uniform",
  "aligned_with_icp": false,
  "used_global_registration": false,
  "global_registration_fitness": "",
  "global_registration_inlier_rmse": "",
  "global_registration_voxel_size": "",
  "roi_pred_to_gt_mean": 0.9009647230450045,
  "roi_pred_to_gt_median": 0.6647216964511821,
  "roi_pred_to_gt_max": 3.9451523811731817,
  "roi_precision": 0.05733604529712495,
  "roi_num_pred_points": 18191,
  "scene": "NewBlend_IntroduceGGXFresnel_iter15000",
  "aligned_mesh_path": ""
}