{
  "mesh_a": "NewBlend_ImproveLoss_iter15000",
  "mesh_b": "blender_GTMeshAligned",
  "threshold": 0.02,
  "semantics": "pred_gt",
  "mean_a_to_b": 4.982785183423117,
  "mean_b_to_a": 0.09838751635537428,
  "median_a_to_b": 4.590638228556332,
  "median_b_to_a": 0.07094341528886848,
  "max_a_to_b": 14.65668891555124,
  "max_b_to_a": 0.8630389857728161,
  "chamfer": 5.081172699778492,
  "hausdorff": 14.65668891555124,
  "precision": 0.01438,
  "recall": 0.02875,
  "fscore": 0.019171110595872943,
  "pred_to_gt_mean": 4.982785183423117,
  "gt_to_pred_mean": 0.09838751635537428,
  "gt_to_pred_median": 0.07094341528886848,
  "gt_to_pred_max": 0.8630389857728161,
  "mesh_path_a": "output\\NewBlend_ImproveLoss\\train\\ours_15000\\fuse_post.ply",
  "mesh_path_b": "C:\\Users\\cwart\\OneDrive\\Desktop\\2DGS\\BlenderGTMesh_aligned.ply",
  "sample_points": 100000,
  "sampling_method": "uniform",
  "aligned_with_icp": false,
  "used_global_registration": false,
  "global_registration_fitness": "",
  "global_registration_inlier_rmse": "",
  "global_registration_voxel_size": "",
  "roi_pred_to_gt_mean": 0.880408756161028,
  "roi_pred_to_gt_median": 0.619241341962018,
  "roi_pred_to_gt_max": 3.925299304316336,
  "roi_precision": 0.06974826599408256,
  "roi_num_pred_points": 20617,
  "scene": "NewBlend_ImproveLoss_iter15000",
  "aligned_mesh_path": ""
}