{
  "mesh_a": "NewBlend_BRDFFull-Evenfiner_iter15000",
  "mesh_b": "blender_GTMeshAligned",
  "threshold": 0.02,
  "semantics": "pred_gt",
  "mean_a_to_b": 4.923699667160889,
  "mean_b_to_a": 0.10509318335389778,
  "median_a_to_b": 4.8804830919190785,
  "median_b_to_a": 0.07331056463273714,
  "max_a_to_b": 13.053500095335838,
  "max_b_to_a": 0.8048190945222007,
  "chamfer": 5.028792850514787,
  "hausdorff": 13.053500095335838,
  "precision": 0.01151,
  "recall": 0.02252,
  "fscore": 0.015233923009109607,
  "pred_to_gt_mean": 4.923699667160889,
  "gt_to_pred_mean": 0.10509318335389778,
  "gt_to_pred_median": 0.07331056463273714,
  "gt_to_pred_max": 0.8048190945222007,
  "mesh_path_a": "output\\NewBlend_BRDFFull-Evenfiner\\train\\ours_15000\\fuse_post.ply",
  "mesh_path_b": "C:\\Users\\cwart\\OneDrive\\Desktop\\2DGS\\BlenderGTMesh_aligned.ply",
  "sample_points": 100000,
  "sampling_method": "uniform",
  "aligned_with_icp": false,
  "used_global_registration": false,
  "global_registration_fitness": "",
  "global_registration_inlier_rmse": "",
  "global_registration_voxel_size": "",
  "roi_pred_to_gt_mean": 0.8812060942666968,
  "roi_pred_to_gt_median": 0.6334477926526128,
  "roi_pred_to_gt_max": 3.891880914884574,
  "roi_precision": 0.05569534501112939,
  "roi_num_pred_points": 20666,
  "scene": "NewBlend_BRDFFull-Evenfiner_iter15000",
  "aligned_mesh_path": ""
}