{
  "mesh_a": "NewBlend_IntroduceGGXFresnelTrueRGBSpec_iter15000",
  "mesh_b": "blender_GTMeshAligned",
  "threshold": 0.02,
  "semantics": "pred_gt",
  "mean_a_to_b": 5.721451903736768,
  "mean_b_to_a": 0.10779373849741865,
  "median_a_to_b": 6.070868408876217,
  "median_b_to_a": 0.07525592626930658,
  "max_a_to_b": 15.123174335499789,
  "max_b_to_a": 0.8879965039239237,
  "chamfer": 5.829245642234187,
  "hausdorff": 15.123174335499789,
  "precision": 0.01067,
  "recall": 0.02219,
  "fscore": 0.014410669506999393,
  "pred_to_gt_mean": 5.721451903736768,
  "gt_to_pred_mean": 0.10779373849741865,
  "gt_to_pred_median": 0.07525592626930658,
  "gt_to_pred_max": 0.8879965039239237,
  "mesh_path_a": "output\\NewBlend_IntroduceGGXFresnelTrueRGBSpec\\train\\ours_15000\\fuse_post.ply",
  "mesh_path_b": "C:\\Users\\cwart\\OneDrive\\Desktop\\2DGS\\BlenderGTMesh_aligned.ply",
  "sample_points": 100000,
  "sampling_method": "uniform",
  "aligned_with_icp": false,
  "used_global_registration": false,
  "global_registration_fitness": "",
  "global_registration_inlier_rmse": "",
  "global_registration_voxel_size": "",
  "roi_pred_to_gt_mean": 0.962972213441145,
  "roi_pred_to_gt_median": 0.7469237249636274,
  "roi_pred_to_gt_max": 3.8560162514560767,
  "roi_precision": 0.06273149509083427,
  "roi_num_pred_points": 17009,
  "scene": "NewBlend_IntroduceGGXFresnelTrueRGBSpec_iter15000",
  "aligned_mesh_path": ""
}