{
  "mesh_a": "NewBlend_BRDFReadyRoughness0_iter15000",
  "mesh_b": "blender_GTMeshAligned",
  "threshold": 0.02,
  "semantics": "pred_gt",
  "mean_a_to_b": 5.59075173810936,
  "mean_b_to_a": 0.10760459552981001,
  "median_a_to_b": 5.779888522942782,
  "median_b_to_a": 0.07517306524284126,
  "max_a_to_b": 15.57846609249425,
  "max_b_to_a": 0.8221976988029447,
  "chamfer": 5.69835633363917,
  "hausdorff": 15.57846609249425,
  "precision": 0.01139,
  "recall": 0.02279,
  "fscore": 0.015188888238736105,
  "pred_to_gt_mean": 5.59075173810936,
  "gt_to_pred_mean": 0.10760459552981001,
  "gt_to_pred_median": 0.07517306524284126,
  "gt_to_pred_max": 0.8221976988029447,
  "mesh_path_a": "output\\NewBlend_BRDFReadyRoughness0\\train\\ours_15000\\fuse_post.ply",
  "mesh_path_b": "C:\\Users\\cwart\\OneDrive\\Desktop\\2DGS\\BlenderGTMesh_aligned.ply",
  "sample_points": 100000,
  "sampling_method": "uniform",
  "aligned_with_icp": false,
  "used_global_registration": false,
  "global_registration_fitness": "",
  "global_registration_inlier_rmse": "",
  "global_registration_voxel_size": "",
  "roi_pred_to_gt_mean": 0.8957817971375535,
  "roi_pred_to_gt_median": 0.666074175647154,
  "roi_pred_to_gt_max": 3.9501350892179015,
  "roi_precision": 0.06971904266389178,
  "roi_num_pred_points": 16337,
  "scene": "NewBlend_BRDFReadyRoughness0_iter15000",
  "aligned_mesh_path": ""
}