{
  "mesh_a": "NewBlend_BRDFFixedRoughness0.04_iter15000",
  "mesh_b": "blender_GTMeshAligned",
  "threshold": 0.02,
  "semantics": "pred_gt",
  "mean_a_to_b": 5.286934316859257,
  "mean_b_to_a": 0.11244977684538558,
  "median_a_to_b": 5.376026233751129,
  "median_b_to_a": 0.07744726939226262,
  "max_a_to_b": 15.237260441055044,
  "max_b_to_a": 0.8390552747597328,
  "chamfer": 5.399384093704642,
  "hausdorff": 15.237260441055044,
  "precision": 0.00855,
  "recall": 0.01706,
  "fscore": 0.011391097227645449,
  "pred_to_gt_mean": 5.286934316859257,
  "gt_to_pred_mean": 0.11244977684538558,
  "gt_to_pred_median": 0.07744726939226262,
  "gt_to_pred_max": 0.8390552747597328,
  "mesh_path_a": "output\\NewBlend_BRDFFixedRoughness0.04\\train\\ours_15000\\fuse_post.ply",
  "mesh_path_b": "C:\\Users\\cwart\\OneDrive\\Desktop\\2DGS\\BlenderGTMesh_aligned.ply",
  "sample_points": 100000,
  "sampling_method": "uniform",
  "aligned_with_icp": false,
  "used_global_registration": false,
  "global_registration_fitness": "",
  "global_registration_inlier_rmse": "",
  "global_registration_voxel_size": "",
  "roi_pred_to_gt_mean": 0.8555706775269487,
  "roi_pred_to_gt_median": 0.6049674111904473,
  "roi_pred_to_gt_max": 3.9206019429586423,
  "roi_precision": 0.0533508049419693,
  "roi_num_pred_points": 16026,
  "scene": "NewBlend_BRDFFixedRoughness0.04_iter15000",
  "aligned_mesh_path": ""
}