{
  "mesh_a": "NewBlend_BRDFFull-Saferfiner_iter15000",
  "mesh_b": "blender_GTMeshAligned",
  "threshold": 0.02,
  "semantics": "pred_gt",
  "mean_a_to_b": 5.284858299474198,
  "mean_b_to_a": 0.10625895652942045,
  "median_a_to_b": 5.405938850695084,
  "median_b_to_a": 0.0750571272914253,
  "max_a_to_b": 13.91853302411349,
  "max_b_to_a": 0.816389281520298,
  "chamfer": 5.391117256003619,
  "hausdorff": 13.91853302411349,
  "precision": 0.01079,
  "recall": 0.0217,
  "fscore": 0.01441323484148969,
  "pred_to_gt_mean": 5.284858299474198,
  "gt_to_pred_mean": 0.10625895652942045,
  "gt_to_pred_median": 0.0750571272914253,
  "gt_to_pred_max": 0.816389281520298,
  "mesh_path_a": "output\\NewBlend_BRDFFull-Saferfiner\\train\\ours_15000\\fuse_post.ply",
  "mesh_path_b": "C:\\Users\\cwart\\OneDrive\\Desktop\\2DGS\\BlenderGTMesh_aligned.ply",
  "sample_points": 100000,
  "sampling_method": "uniform",
  "aligned_with_icp": false,
  "used_global_registration": false,
  "global_registration_fitness": "",
  "global_registration_inlier_rmse": "",
  "global_registration_voxel_size": "",
  "roi_pred_to_gt_mean": 0.900082111031988,
  "roi_pred_to_gt_median": 0.6747827136868669,
  "roi_pred_to_gt_max": 3.9320896145531723,
  "roi_precision": 0.05996776524203857,
  "roi_num_pred_points": 17993,
  "scene": "NewBlend_BRDFFull-Saferfiner_iter15000",
  "aligned_mesh_path": ""
}