{
  "mesh_a": "NewBlend_IntroduceGGXFresnelCompletely_iter15000",
  "mesh_b": "blender_GTMeshAligned",
  "threshold": 0.02,
  "semantics": "pred_gt",
  "mean_a_to_b": 4.286218636516868,
  "mean_b_to_a": 0.11548812060073478,
  "median_a_to_b": 4.282847620570026,
  "median_b_to_a": 0.07544075307272619,
  "max_a_to_b": 14.13872975075446,
  "max_b_to_a": 0.8571551789445796,
  "chamfer": 4.401706757117603,
  "hausdorff": 14.13872975075446,
  "precision": 0.01551,
  "recall": 0.03132,
  "fscore": 0.020746239590006408,
  "pred_to_gt_mean": 4.286218636516868,
  "gt_to_pred_mean": 0.11548812060073478,
  "gt_to_pred_median": 0.07544075307272619,
  "gt_to_pred_max": 0.8571551789445796,
  "mesh_path_a": "output\\NewBlend_IntroduceGGXFresnelCompletely\\train\\ours_15000\\fuse_post.ply",
  "mesh_path_b": "C:\\Users\\cwart\\OneDrive\\Desktop\\2DGS\\BlenderGTMesh_aligned.ply",
  "sample_points": 100000,
  "sampling_method": "uniform",
  "aligned_with_icp": false,
  "used_global_registration": false,
  "global_registration_fitness": "",
  "global_registration_inlier_rmse": "",
  "global_registration_voxel_size": "",
  "roi_pred_to_gt_mean": 0.9193492337175067,
  "roi_pred_to_gt_median": 0.7118665166668434,
  "roi_pred_to_gt_max": 3.8860433472559195,
  "roi_precision": 0.06948613413377537,
  "roi_num_pred_points": 22321,
  "scene": "NewBlend_IntroduceGGXFresnelCompletely_iter15000",
  "aligned_mesh_path": ""
}