{
  "mesh_a": "NewBlend_FalloffAndSpotOff_iter15000",
  "mesh_b": "blender_GTMeshAligned",
  "threshold": 0.02,
  "semantics": "pred_gt",
  "mean_a_to_b": 5.105191191952336,
  "mean_b_to_a": 0.10987907922802483,
  "median_a_to_b": 5.082575907887517,
  "median_b_to_a": 0.07322518120332974,
  "max_a_to_b": 13.90506887313911,
  "max_b_to_a": 0.8118442995044581,
  "chamfer": 5.215070271180361,
  "hausdorff": 13.90506887313911,
  "precision": 0.0114,
  "recall": 0.02345,
  "fscore": 0.015341750358680056,
  "pred_to_gt_mean": 5.105191191952336,
  "gt_to_pred_mean": 0.10987907922802483,
  "gt_to_pred_median": 0.07322518120332974,
  "gt_to_pred_max": 0.8118442995044581,
  "mesh_path_a": "output\\NewBlend_FalloffAndSpotOff\\train\\ours_15000\\fuse_post.ply",
  "mesh_path_b": "C:\\Users\\cwart\\OneDrive\\Desktop\\2DGS\\BlenderGTMesh_aligned.ply",
  "sample_points": 100000,
  "sampling_method": "uniform",
  "aligned_with_icp": false,
  "used_global_registration": false,
  "global_registration_fitness": "",
  "global_registration_inlier_rmse": "",
  "global_registration_voxel_size": "",
  "roi_pred_to_gt_mean": 0.8993735845344236,
  "roi_pred_to_gt_median": 0.6545468524164072,
  "roi_pred_to_gt_max": 3.9660193102148,
  "roi_precision": 0.06267524327890484,
  "roi_num_pred_points": 18189,
  "scene": "NewBlend_FalloffAndSpotOff_iter15000",
  "aligned_mesh_path": ""
}