{
  "mesh_a": "NewBlend_SpotOff_iter15000",
  "mesh_b": "blender_GTMeshAligned",
  "threshold": 0.02,
  "semantics": "pred_gt",
  "mean_a_to_b": 5.118458485549521,
  "mean_b_to_a": 0.10831308243652227,
  "median_a_to_b": 5.190416480993031,
  "median_b_to_a": 0.07448452619757018,
  "max_a_to_b": 13.416575806468039,
  "max_b_to_a": 0.887377558510365,
  "chamfer": 5.226771567986043,
  "hausdorff": 13.416575806468039,
  "precision": 0.01131,
  "recall": 0.02272,
  "fscore": 0.015102156920364384,
  "pred_to_gt_mean": 5.118458485549521,
  "gt_to_pred_mean": 0.10831308243652227,
  "gt_to_pred_median": 0.07448452619757018,
  "gt_to_pred_max": 0.887377558510365,
  "mesh_path_a": "output\\NewBlend_SpotOff\\train\\ours_15000\\fuse_post.ply",
  "mesh_path_b": "C:\\Users\\cwart\\OneDrive\\Desktop\\2DGS\\BlenderGTMesh_aligned.ply",
  "sample_points": 100000,
  "sampling_method": "uniform",
  "aligned_with_icp": false,
  "used_global_registration": false,
  "global_registration_fitness": "",
  "global_registration_inlier_rmse": "",
  "global_registration_voxel_size": "",
  "roi_pred_to_gt_mean": 0.9246295845196202,
  "roi_pred_to_gt_median": 0.7192962519707665,
  "roi_pred_to_gt_max": 3.948623488781598,
  "roi_precision": 0.05923636935002357,
  "roi_num_pred_points": 19093,
  "scene": "NewBlend_SpotOff_iter15000",
  "aligned_mesh_path": ""
}