{
  "mesh_a": "NewBlend_BRDFLearnableRoughness_iter15000",
  "mesh_b": "blender_GTMeshAligned",
  "threshold": 0.02,
  "semantics": "pred_gt",
  "mean_a_to_b": 5.871824452236328,
  "mean_b_to_a": 0.10608373377157415,
  "median_a_to_b": 6.082569655451141,
  "median_b_to_a": 0.07250978518599502,
  "max_a_to_b": 14.65486213215111,
  "max_b_to_a": 0.836677344394213,
  "chamfer": 5.977908186007902,
  "hausdorff": 14.65486213215111,
  "precision": 0.01075,
  "recall": 0.02277,
  "fscore": 0.01460486276849642,
  "pred_to_gt_mean": 5.871824452236328,
  "gt_to_pred_mean": 0.10608373377157415,
  "gt_to_pred_median": 0.07250978518599502,
  "gt_to_pred_max": 0.836677344394213,
  "mesh_path_a": "output\\NewBlend_BRDFLearnableRoughness\\train\\ours_15000\\fuse_post.ply",
  "mesh_path_b": "C:\\Users\\cwart\\OneDrive\\Desktop\\2DGS\\BlenderGTMesh_aligned.ply",
  "sample_points": 100000,
  "sampling_method": "uniform",
  "aligned_with_icp": false,
  "used_global_registration": false,
  "global_registration_fitness": "",
  "global_registration_inlier_rmse": "",
  "global_registration_voxel_size": "",
  "roi_pred_to_gt_mean": 0.894594537322272,
  "roi_pred_to_gt_median": 0.6393719031044787,
  "roi_pred_to_gt_max": 3.8626676745010586,
  "roi_precision": 0.06465387622541649,
  "roi_num_pred_points": 16627,
  "scene": "NewBlend_BRDFLearnableRoughness_iter15000",
  "aligned_mesh_path": ""
}