{
  "mesh_a": "OutsideSurfaceRegualrization_iter15000",
  "mesh_b": "blender_GTMeshAligned",
  "threshold": 0.02,
  "semantics": "pred_gt",
  "mean_a_to_b": 4.245370451783907,
  "mean_b_to_a": 1.5814627232005412,
  "median_a_to_b": 4.091783134377627,
  "median_b_to_a": 1.5949506352753957,
  "max_a_to_b": 9.083449639653798,
  "max_b_to_a": 3.422849772424434,
  "chamfer": 5.826833174984448,
  "hausdorff": 9.083449639653798,
  "precision": 0.00013,
  "recall": 0.00027,
  "fscore": 0.0001755,
  "pred_to_gt_mean": 4.245370451783907,
  "gt_to_pred_mean": 1.5814627232005412,
  "gt_to_pred_median": 1.5949506352753957,
  "gt_to_pred_max": 3.422849772424434,
  "mesh_path_a": "output\\OutsideSurfaceRegualrization\\train\\ours_15000\\fuse_post.ply",
  "mesh_path_b": "C:\\Users\\cwart\\OneDrive\\Desktop\\2DGS\\BlenderGTMesh_aligned.ply",
  "sample_points": 100000,
  "sampling_method": "uniform",
  "aligned_with_icp": false,
  "used_global_registration": false,
  "global_registration_fitness": "",
  "global_registration_inlier_rmse": "",
  "global_registration_voxel_size": "",
  "roi_pred_to_gt_mean": 1.8062268919562257,
  "roi_pred_to_gt_median": 1.8798187003851177,
  "roi_pred_to_gt_max": 2.99291130164889,
  "roi_precision": 0.0012639766650461837,
  "roi_num_pred_points": 10285,
  "scene": "OutsideSurfaceRegualrization_iter15000",
  "aligned_mesh_path": ""
}